week,category,weekly_rank,show_title,season_title,weekly_hours_viewed,runtime,weekly_views,cumulative_weeks_in_top_10
2025-10-26,TV (English),1,Nobody Wants This,Nobody Wants This: Season 2,38100000,4.4333,8600000,1
2025-10-26,TV (English),2,The Diplomat,The Diplomat: Season 3,40800000,6.4833,6300000,2
2025-10-26,TV (English),3,Boots,Boots: Season 1,32700000,5.85,5600000,3
2025-10-26,TV (English),4,Monster: The Ed Gein Story,Monster: The Ed Gein Story: Season 1,38300000,7.45,5100000,4
2025-10-26,TV (English),5,Mob War: Philadelphia vs. The Mafia,Mob War: Philadelphia vs. The Mafia: Season 1,11200000,2.3167,4800000,1
2025-10-26,TV (English),6,Raw,"Raw: October 20, 2025",5100000,1.8833,2600000,1
2025-10-26,TV (English),7,Wayward,Wayward: Limited Series,13000000,5.9333,2200000,5
2025-10-26,TV (English),8,The Diplomat,The Diplomat: Season 1,13800000,6.75,2000000,6
2025-10-26,TV (English),9,Nobody Wants This,Nobody Wants This: Season 1,8900000,4.4167,2000000,7
2025-10-26,TV (English),10,Baby Shark Hospital Play,Baby Shark Hospital Play: Season 1,2900000,1.5667,1900000,1
2025-10-19,TV (English),1,Monster: The Ed Gein Story,Monster: The Ed Gein Story: Season 1,70500000,7.45,9500000,3
2025-10-19,TV (English),2,Boots,Boots: Season 1,55200000,5.85,9400000,2
2025-10-19,TV (English),3,The Diplomat,The Diplomat: Season 3,31400000,6.4833,4800000,1
2025-10-19,TV (English),4,Victoria Beckham,Victoria Beckham: Limited Series,9300000,2.4167,3800000,2
2025-10-19,TV (English),5,Wayward,Wayward: Limited Series,18900000,5.9333,3200000,4
2025-10-19,TV (English),6,Is It Cake? Halloween,Is It Cake? Halloween: Season 1,7600000,2.6167,2900000,2
2025-10-19,TV (English),7,Love Is Blind,Love Is Blind: Season 9,30700000,11.3333,2700000,3
2025-10-19,TV (English),8,Raw,"Raw: October 13, 2025",4600000,1.8667,2400000,1
2025-10-19,TV (English),9,House of Guinness,House of Guinness: Season 1,14700000,6.9,2100000,4
2025-10-19,TV (English),10,Wednesday,Wednesday: Season 2,14400000,7.7833,1900000,11
2025-10-12,TV (English),1,Monster: The Ed Gein Story,Monster: The Ed Gein Story: Season 1,154200000,7.45,20700000,2
2025-10-12,TV (English),2,Is It Cake? Halloween,Is It Cake? Halloween: Season 1,14800000,2.6167,5700000,1
2025-10-12,TV (English),3,Victoria Beckham,Victoria Beckham: Limited Series,13500000,2.4167,5600000,1
2025-10-12,TV (English),4,Wayward,Wayward: Limited Series,32600000,5.9333,5500000,3
2025-10-12,TV (English),5,True Haunting,True Haunting: Season 1,15700000,3,5200000,1
2025-10-12,TV (English),6,Boots,Boots: Season 1,27500000,5.85,4700000,1
2025-10-12,TV (English),7,Love Is Blind,Love Is Blind: Season 9,38200000,9.2833,4100000,2
2025-10-12,TV (English),8,House of Guinness,House of Guinness: Season 1,23800000,6.9,3400000,3
2025-10-12,TV (English),9,Raw,"Raw: October 6, 2025",4800000,1.95,2400000,1
2025-10-12,TV (English),10,Wednesday,Wednesday: Season 2,17600000,7.7833,2300000,10
2025-10-05,TV (English),1,Wayward,Wayward: Limited Series,83700000,5.9333,14100000,2
2025-10-05,TV (English),2,Monster: The Ed Gein Story,Monster: The Ed Gein Story: Season 1,90600000,7.45,12200000,1
2025-10-05,TV (English),3,House of Guinness,House of Guinness: Season 1,44400000,6.9,6400000,2
2025-10-05,TV (English),4,Love Is Blind,Love Is Blind: Season 9,24400000,6.6167,3700000,1
2025-10-05,TV (English),5,Black Rabbit,Black Rabbit: Limited Series,24700000,7.6,3300000,3
2025-10-05,TV (English),6,Wednesday,Wednesday: Season 2,23400000,7.7833,3000000,9
2025-10-05,TV (English),7,Dark Winds,Dark Winds: Season 1,12200000,4.35,2800000,3
2025-10-05,TV (English),8,Raw,"Raw: September 29, 2025",4500000,1.8833,2300000,1
2025-10-05,TV (English),9,Doc,Doc: Season 1,12300000,7.3333,1700000,2
2025-10-05,TV (English),10,Ms. Rachel,Ms. Rachel: Season 1,4900000,3.0333,1600000,25
2025-09-28,TV (English),1,Wayward,Wayward: Limited Series,48800000,5.9333,8200000,1
2025-09-28,TV (English),2,Black Rabbit,Black Rabbit: Limited Series,52900000,7.6,7000000,2
2025-09-28,TV (English),3,House of Guinness,House of Guinness: Season 1,35700000,6.9,5200000,1
2025-09-28,TV (English),4,Wednesday,Wednesday: Season 2,34200000,7.7833,4400000,8
2025-09-28,TV (English),5,Adolescence,Adolescence: Limited Series,13400000,3.8333,3500000,10
2025-09-28,TV (English),6,Beauty in Black,Beauty in Black: Season 2,21200000,6.9333,3100000,3
2025-09-28,TV (English),7,Haunted Hotel,Haunted Hotel: Season 1,11900000,4.2333,2800000,2
2025-09-28,TV (English),8,Raw,"Raw: September 22, 2025",4500000,1.9167,2300000,1
2025-09-28,TV (English),9,My Life With the Walter Boys,My Life With the Walter Boys: Season 2,14900000,7.45,2000000,5
2025-09-28,TV (English),10,Doc,Doc: Season 1,13600000,7.3333,1900000,1
2025-09-21,TV (English),1,Wednesday,Wednesday: Season 2,56200000,7.7833,7200000,7
2025-09-21,TV (English),2,Black Rabbit,Black Rabbit: Limited Series,50500000,7.6,6600000,1
2025-09-21,TV (English),3,Beauty in Black,Beauty in Black: Season 2,46000000,6.9333,6600000,2
2025-09-21,TV (English),4,Beauty and the Bester,Beauty and the Bester: Limited Series,8600000,2.25,3800000,2
2025-09-21,TV (English),5,Adolescence,Adolescence: Limited Series,13700000,3.8333,3600000,9
2025-09-21,TV (English),6,My Life With the Walter Boys,My Life With the Walter Boys: Season 2,22400000,7.45,3000000,4
2025-09-21,TV (English),7,Raw,"Raw: September 15, 2025",5300000,1.9667,2600000,1
2025-09-21,TV (English),8,Beauty in Black,Beauty in Black: Season 1,28800000,12.6,2300000,7
2025-09-21,TV (English),9,Wednesday,Wednesday: Season 1,14500000,6.8167,2100000,28
2025-09-21,TV (English),10,Haunted Hotel,Haunted Hotel: Season 1,7500000,4.2333,1800000,1
2025-09-14,TV (English),1,Canelo Álvarez vs. Terence Crawford,N/A,69600000,0,17700000,1
2025-09-14,TV (English),2,Wednesday,Wednesday: Season 2,116400000,7.7833,15000000,6
2025-09-14,TV (English),3,Beauty in Black,Beauty in Black: Season 2,60000000,6.9333,8700000,1
2025-09-14,TV (English),4,My Life With the Walter Boys,My Life With the Walter Boys: Season 2,38700000,7.45,5200000,3
2025-09-14,TV (English),5,Love Con Revenge,Love Con Revenge: Season 1,17200000,4.1833,4100000,2
2025-09-14,TV (English),6,Wednesday,Wednesday: Season 1,24400000,6.8167,3600000,27
2025-09-14,TV (English),7,Hostage,Hostage: Limited Series,10600000,3.5833,3000000,4
2025-09-14,TV (English),8,Raw,"Raw: September 8, 2025",5100000,1.8,2600000,1
2025-09-14,TV (English),9,Beauty and the Bester,Beauty and the Bester: Limited Series,5600000,2.25,2500000,1
2025-09-14,TV (English),10,"Dr. Seuss’s Red Fish, Blue Fish","Dr. Seuss’s Red Fish, Blue Fish: Season 1",4500000,2.3,2000000,1
2025-09-07,TV (English),1,Wednesday,Wednesday: Season 2,219200000,7.7833,28200000,5
2025-09-07,TV (English),2,My Life With the Walter Boys,My Life With the Walter Boys: Season 2,81400000,7.45,10900000,2
2025-09-07,TV (English),3,Hostage,Hostage: Limited Series,19700000,3.5833,5500000,3
2025-09-07,TV (English),4,Katrina: Come Hell and High Water,Katrina: Come Hell and High Water: Season 1,13600000,3.55,3800000,2
2025-09-07,TV (English),5,My Life With the Walter Boys,My Life With the Walter Boys: Season 1,26900000,7.6167,3500000,10
2025-09-07,TV (English),6,Wednesday,Wednesday: Season 1,23500000,6.8167,3400000,26
2025-09-07,TV (English),7,Love Con Revenge,Love Con Revenge: Season 1,12400000,4.1833,3000000,1
2025-09-07,TV (English),8,Raw,"Raw: September 1, 2025",5200000,2.1,2400000,1
2025-09-07,TV (English),9,The Great British Baking Show,The Great British Baking Show: Collection 13,2200000,1.1333,1900000,1
2025-09-07,TV (English),10,Ms. Rachel,Ms. Rachel: Season 2,5500000,3.0333,1800000,1
2025-08-31,TV (English),1,My Life With the Walter Boys,My Life With the Walter Boys: Season 2,88000000,7.45,11800000,1
2025-08-31,TV (English),2,Hostage,Hostage: Limited Series,41500000,3.5833,11600000,2
2025-08-31,TV (English),3,Wednesday,Wednesday: Season 2,33800000,4.0333,8400000,4
2025-08-31,TV (English),4,Katrina: Come Hell and High Water,Katrina: Come Hell and High Water: Season 1,26000000,3.55,7300000,1
2025-08-31,TV (English),5,Wednesday,Wednesday: Season 1,19900000,6.8167,2900000,25
2025-08-31,TV (English),6,Raw,"Raw: August 25, 2025",5000000,1.9333,2600000,1
2025-08-31,TV (English),7,My Life With the Walter Boys,My Life With the Walter Boys: Season 1,19400000,7.6167,2500000,9
2025-08-31,TV (English),8,Fit for TV: The Reality of the Biggest Loser,Fit for TV: The Reality of the Biggest Loser: Season 1,5300000,2.1,2500000,3
2025-08-31,TV (English),9,Ms. Rachel,Ms. Rachel: Season 1,6600000,3.0333,2200000,24
2025-08-31,TV (English),10,UNTAMED,UNTAMED: Season 1,10400000,4.8667,2100000,7
2025-08-24,TV (English),1,Wednesday,Wednesday: Season 2,54000000,4.0333,13400000,3
2025-08-24,TV (English),2,Hostage,Hostage: Limited Series,38600000,3.5833,10800000,1
2025-08-24,TV (English),3,Fit for TV: The Reality of the Biggest Loser,Fit for TV: The Reality of the Biggest Loser: Season 1,17900000,2.1,8500000,2
2025-08-24,TV (English),4,Wednesday,Wednesday: Season 1,27100000,6.8167,4000000,24
2025-08-24,TV (English),5,UNTAMED,UNTAMED: Season 1,15600000,4.8667,3200000,6
2025-08-24,TV (English),6,Love Is Blind: UK,Love Is Blind: UK: Season 2,22800000,7.6333,3000000,2
2025-08-24,TV (English),7,Raw,"Raw: August 18, 2025",5400000,1.8167,2800000,1
2025-08-24,TV (English),8,Ms. Rachel,Ms. Rachel: Season 1,6500000,3.0333,2100000,23
2025-08-24,TV (English),9,America's Team: The Gambler and His Cowboys,America's Team: The Gambler and His Cowboys: Season 1,15200000,7.8,1900000,1
2025-08-24,TV (English),10,The Hunting Wives,The Hunting Wives: Season 1,12800000,6.6833,1900000,5
2025-08-17,TV (English),1,Wednesday,Wednesday: Season 2,117300000,4.0333,29100000,2
2025-08-17,TV (English),2,Fit for TV: The Reality of the Biggest Loser,Fit for TV: The Reality of the Biggest Loser: Season 1,15700000,2.1,7500000,1
2025-08-17,TV (English),3,Wednesday,Wednesday: Season 1,50600000,6.8167,7400000,23
2025-08-17,TV (English),4,UNTAMED,UNTAMED: Season 1,24000000,4.8667,4900000,5
2025-08-17,TV (English),5,The Hunting Wives,The Hunting Wives: Season 1,20200000,6.6833,3000000,4
2025-08-17,TV (English),6,Sullivan's Crossing,Sullivan's Crossing: Season 3,20600000,7.3333,2800000,1
2025-08-17,TV (English),7,Raw,"Raw: August 11, 2025",5300000,1.85,2800000,1
2025-08-17,TV (English),8,Love Is Blind: UK,Love Is Blind: UK: Season 2,10900000,4.2167,2600000,1
2025-08-17,TV (English),9,Jim Jefferies: Two Limb Policy,N/A,2200000,1.05,2100000,1
2025-08-17,TV (English),10,Ms. Rachel,Ms. Rachel: Season 1,6200000,3.0333,2000000,22
2025-08-10,TV (English),1,Wednesday,Wednesday: Season 2,201600000,4.0333,50000000,1
2025-08-10,TV (English),2,Wednesday,Wednesday: Season 1,58500000,6.8167,8600000,22
2025-08-10,TV (English),3,UNTAMED,UNTAMED: Season 1,34900000,4.8667,7200000,4
2025-08-10,TV (English),4,The Hunting Wives,The Hunting Wives: Season 1,31300000,6.6833,4700000,3
2025-08-10,TV (English),5,Raw,"Raw: August 4, 2025",6100000,1.9833,3000000,1
2025-08-10,TV (English),6,Leanne,Leanne: Season 1,15800000,5.5833,2800000,2
2025-08-10,TV (English),7,Perfect Match,Perfect Match: Season 3,22800000,8.1,2800000,1
2025-08-10,TV (English),8,Amy Bradley Is Missing,Amy Bradley Is Missing: Season 1,5400000,2.2167,2400000,4
2025-08-10,TV (English),9,Ms. Rachel,Ms. Rachel: Season 1,6200000,3.0333,2000000,21
2025-08-10,TV (English),10,Conversations with a Killer: The Son of Sam Tapes,Conversations with a Killer: The Son of Sam Tapes: Season 1,5000000,2.9,1700000,2
2025-08-03,TV (English),1,UNTAMED,UNTAMED: Season 1,59600000,4.8667,12200000,3
2025-08-03,TV (English),2,The Hunting Wives,The Hunting Wives: Season 1,38500000,6.6833,5800000,2
2025-08-03,TV (English),3,Amy Bradley Is Missing,Amy Bradley Is Missing: Season 1,9300000,2.2167,4200000,3
2025-08-03,TV (English),4,Conversations with a Killer: The Son of Sam Tapes,Conversations with a Killer: The Son of Sam Tapes: Season 1,9900000,2.9,3400000,1
2025-08-03,TV (English),5,The Sandman,The Sandman: Season 2,29800000,10.7833,2800000,5
2025-08-03,TV (English),6,Wednesday,Wednesday: Season 1,18300000,6.8167,2700000,21
2025-08-03,TV (English),7,Leanne,Leanne: Season 1,14900000,5.5833,2700000,1
2025-08-03,TV (English),8,Raw,"Raw: July 28, 2025",5500000,1.9833,2700000,1
2025-08-03,TV (English),9,WWE: Unreal,WWE: Unreal: Season 1,10700000,4.6833,2300000,1
2025-08-03,TV (English),10,Ms. Rachel,Ms. Rachel: Season 1,6300000,3.0333,2100000,20
2025-07-27,TV (English),1,UNTAMED,UNTAMED: Season 1,127100000,4.8667,26100000,2
2025-07-27,TV (English),2,Amy Bradley Is Missing,Amy Bradley Is Missing: Season 1,22500000,2.2167,10200000,2
2025-07-27,TV (English),3,The Hunting Wives,The Hunting Wives: Season 1,34600000,6.6833,5200000,1
2025-07-27,TV (English),4,The Sandman,The Sandman: Season 2,32600000,9.8167,3300000,4
2025-07-27,TV (English),5,Raw,"Raw: July 21, 2025",5700000,2.0167,2700000,1
2025-07-27,TV (English),6,Ms. Rachel,Ms. Rachel: Season 1,6200000,3.0333,2000000,19
2025-07-27,TV (English),7,Critical: Between Life and Death,Critical: Between Life and Death: Season 1,9300000,4.6833,2000000,1
2025-07-27,TV (English),8,Sirens,Sirens: Limited Series,8500000,4.7333,1800000,8
2025-07-27,TV (English),9,Building The Band,Building The Band: Season 1,14700000,9.2667,1600000,1
2025-07-27,TV (English),10,7 Bears,7 Bears: Limited Series,7200000,4.6,1600000,3
2025-07-20,TV (English),1,UNTAMED,UNTAMED: Season 1,119500000,4.8667,24600000,1
2025-07-20,TV (English),2,Amy Bradley Is Missing,Amy Bradley Is Missing: Season 1,27100000,2.2167,12200000,1
2025-07-20,TV (English),3,The Sandman,The Sandman: Season 2,17800000,5.3333,3300000,3
2025-07-20,TV (English),4,7 Bears,7 Bears: Limited Series,15300000,4.6,3300000,2
2025-07-20,TV (English),5,Raw,"Raw: July 14, 2025",5400000,1.9167,2700000,1
2025-07-20,TV (English),6,Sullivan's Crossing,Sullivan's Crossing: Season 1,16300000,7.35,2200000,2
2025-07-20,TV (English),7,The Waterfront,The Waterfront: Season 1,13600000,6.4167,2100000,5
2025-07-20,TV (English),8,Ms. Rachel,Ms. Rachel: Season 1,6300000,3.0333,2100000,18
2025-07-20,TV (English),9,Sullivan's Crossing,Sullivan's Crossing: Season 2,14000000,7.3333,1900000,1
2025-07-20,TV (English),10,Too Much,Too Much: Season 1,12500000,6.75,1900000,1
2025-07-13,TV (English),1,The Sandman,The Sandman: Season 2,31500000,5.3333,5900000,2
2025-07-13,TV (English),2,The Waterfront,The Waterfront: Season 1,22900000,6.4167,3600000,4
2025-07-13,TV (English),3,Sullivan's Crossing,Sullivan's Crossing: Season 1,22100000,7.35,3000000,1
2025-07-13,TV (English),4,7 Bears,7 Bears: Limited Series,13300000,4.6,2900000,1
2025-07-13,TV (English),5,Katie Taylor vs. Amanda Serrano 3,N/A,9400000,0,2800000,1
2025-07-13,TV (English),6,Raw,"Raw: July 7, 2025",5100000,1.85,2600000,1
2025-07-13,TV (English),7,The Sandman,The Sandman: Season 1,22400000,9.15,2400000,9
2025-07-13,TV (English),8,Ginny & Georgia,Ginny & Georgia: Season 3,24700000,10.5667,2300000,6
2025-07-13,TV (English),9,1923,1923: Season 1,17300000,7.7833,2200000,1
2025-07-13,TV (English),10,Ms. Rachel,Ms. Rachel: Season 1,6200000,3.0333,2000000,17
2025-07-06,TV (English),1,The Waterfront,The Waterfront: Season 1,36000000,6.4167,5600000,3
2025-07-06,TV (English),2,The Sandman,The Sandman: Season 2,28200000,5.3333,5300000,1
2025-07-06,TV (English),3,Attack on London: Hunting The 7/7 Bombers,Attack on London: Hunting The 7/7 Bombers: Limited Series,14300000,3.0333,4700000,1
2025-07-06,TV (English),4,Ginny & Georgia,Ginny & Georgia: Season 3,34400000,10.5667,3300000,5
2025-07-06,TV (English),5,Raw,"Raw: June 30, 2025",4600000,1.8,2500000,1
2025-07-06,TV (English),6,Ms. Rachel,Ms. Rachel: Season 1,6200000,3.0333,2000000,16
2025-07-06,TV (English),7,Sirens,Sirens: Limited Series,8500000,4.7333,1800000,7
2025-07-06,TV (English),8,Dept. Q,Dept. Q: Season 1,14600000,8.2667,1800000,6
2025-07-06,TV (English),9,The Sandman,The Sandman: Season 1,15900000,9.15,1700000,8
2025-07-06,TV (English),10,The Survivors,The Survivors: Limited Series,7300000,4.9667,1500000,4
2025-06-29,TV (English),1,The Waterfront,The Waterfront: Season 1,74300000,6.4167,11600000,2
2025-06-29,TV (English),2,Ginny & Georgia,Ginny & Georgia: Season 3,51200000,10.5667,4800000,4
2025-06-29,TV (English),3,AMERICA'S SWEETHEARTS: Dallas Cowboys Cheerleaders,AMERICA'S SWEETHEARTS: Dallas Cowboys Cheerleaders: Season 2,19400000,6.9333,2800000,2
2025-06-29,TV (English),4,Raw,"Raw: June 23, 2025",5200000,1.8667,2600000,1
2025-06-29,TV (English),5,Dept. Q,Dept. Q: Season 1,21500000,8.2667,2600000,5
2025-06-29,TV (English),6,Sirens,Sirens: Limited Series,11900000,4.7333,2500000,6
2025-06-29,TV (English),7,Ms. Rachel,Ms. Rachel: Season 1,6400000,3.0333,2100000,15
2025-06-29,TV (English),8,Ginny & Georgia,Ginny & Georgia: Season 2,18100000,9.7833,1900000,11
2025-06-29,TV (English),9,FUBAR,FUBAR: Season 2,11800000,6.45,1800000,3
2025-06-29,TV (English),10,Ginny & Georgia,Ginny & Georgia: Season 1,16000000,9.1333,1800000,10
2025-06-22,TV (English),1,The Waterfront,The Waterfront: Season 1,53300000,6.4167,8300000,1
2025-06-22,TV (English),2,Ginny & Georgia,Ginny & Georgia: Season 3,85900000,10.5667,8100000,3
2025-06-22,TV (English),3,The Survivors,The Survivors: Limited Series,17100000,4.9667,3400000,3
2025-06-22,TV (English),4,Dept. Q,Dept. Q: Season 1,28100000,8.2667,3400000,4
2025-06-22,TV (English),5,AMERICA'S SWEETHEARTS: Dallas Cowboys Cheerleaders,AMERICA'S SWEETHEARTS: Dallas Cowboys Cheerleaders: Season 2,23100000,6.9333,3300000,1
2025-06-22,TV (English),6,Sirens,Sirens: Limited Series,15700000,4.7333,3300000,5
2025-06-22,TV (English),7,FUBAR,FUBAR: Season 2,21300000,6.45,3300000,2
2025-06-22,TV (English),8,Ginny & Georgia,Ginny & Georgia: Season 1,25000000,9.1333,2700000,9
2025-06-22,TV (English),9,Raw,"Raw: June 16, 2025",5000000,1.7167,2700000,1
2025-06-22,TV (English),10,Ginny & Georgia,Ginny & Georgia: Season 2,26200000,9.7833,2700000,10
2025-06-15,TV (English),1,Ginny & Georgia,Ginny & Georgia: Season 3,178200000,10.5667,16900000,2
2025-06-15,TV (English),2,The Survivors,The Survivors: Limited Series,44600000,4.9667,9000000,2
2025-06-15,TV (English),3,Sirens,Sirens: Limited Series,20200000,4.7333,4300000,4
2025-06-15,TV (English),4,Dept. Q,Dept. Q: Season 1,35200000,8.2667,4300000,3
2025-06-15,TV (English),5,Ginny & Georgia,Ginny & Georgia: Season 1,38600000,9.1333,4200000,8
2025-06-15,TV (English),6,Ginny & Georgia,Ginny & Georgia: Season 2,32100000,9.7833,3300000,9
2025-06-15,TV (English),7,Raw,"Raw: June 9, 2025",6100000,2.0333,2900000,1
2025-06-15,TV (English),8,Tires,Tires: Season 2,13700000,4.9,2800000,1
2025-06-15,TV (English),9,The Creature Cases,The Creature Cases: Chapter 5,6600000,2.6167,2500000,1
2025-06-15,TV (English),10,FUBAR,FUBAR: Season 2,14400000,6.45,2200000,1
2025-06-08,TV (English),1,Ginny & Georgia,Ginny & Georgia: Season 3,186500000,10.5667,17600000,1
2025-06-08,TV (English),2,Dept. Q,Dept. Q: Season 1,73400000,8.2667,8900000,2
2025-06-08,TV (English),3,Sirens,Sirens: Limited Series,37400000,4.7333,7900000,3
2025-06-08,TV (English),4,The Survivors,The Survivors: Limited Series,26400000,4.9667,5300000,1
2025-06-08,TV (English),5,American Manhunt: Osama bin Laden,American Manhunt: Osama bin Laden: Season 1,10300000,3.0667,3400000,4
2025-06-08,TV (English),6,Ginny & Georgia,Ginny & Georgia: Season 1,27000000,9.1333,3000000,7
2025-06-08,TV (English),7,Cold Case: The Tylenol Murders,Cold Case: The Tylenol Murders: Season 1,5700000,1.9667,2900000,2
2025-06-08,TV (English),8,Raw,"Raw: June 2, 2025",5000000,1.8333,2700000,1
2025-06-08,TV (English),9,Ginny & Georgia,Ginny & Georgia: Season 2,24100000,9.7833,2500000,8
2025-06-08,TV (English),10,Ms. Rachel,Ms. Rachel: Season 1,6500000,3.0333,2100000,14
2025-06-01,TV (English),1,Sirens,Sirens: Limited Series,86300000,4.7333,18200000,2
2025-06-01,TV (English),2,Cold Case: The Tylenol Murders,Cold Case: The Tylenol Murders: Season 1,23500000,1.9667,11900000,1
2025-06-01,TV (English),3,Dept. Q,Dept. Q: Season 1,49300000,8.2667,6000000,1
2025-06-01,TV (English),4,American Manhunt: Osama bin Laden,American Manhunt: Osama bin Laden: Season 1,16500000,3.0667,5400000,3
2025-06-01,TV (English),5,Bet,Bet: Season 1,16600000,5.8167,2900000,3
2025-06-01,TV (English),6,Raw,"Raw: May 26, 2025",4800000,1.7167,2600000,1
2025-06-01,TV (English),7,The Four Seasons,The Four Seasons: Season 1,10400000,4.3,2400000,5
2025-06-01,TV (English),8,Fred and Rose West: A British Horror Story,Fred and Rose West: A British Horror Story: Limited Series,6100000,2.6167,2300000,3
2025-06-01,TV (English),9,Miss Governor,Miss Governor: Season 1,7600000,3.3,2300000,2
2025-06-01,TV (English),10,FOREVER,FOREVER: Season 1,14700000,6.5,2300000,4
2025-05-25,TV (English),1,Sirens,Sirens: Limited Series,79200000,4.7333,16700000,1
2025-05-25,TV (English),2,American Manhunt: Osama bin Laden,American Manhunt: Osama bin Laden: Season 1,32800000,3.0667,10700000,2
2025-05-25,TV (English),3,Fred and Rose West: A British Horror Story,Fred and Rose West: A British Horror Story: Limited Series,15800000,2.6167,6000000,2
2025-05-25,TV (English),4,Bet,Bet: Season 1,28800000,5.8167,5000000,2
2025-05-25,TV (English),5,"Love, Death & Robots","Love, Death & Robots: Volume 4",7000000,2.0333,3400000,2
2025-05-25,TV (English),6,The Four Seasons,The Four Seasons: Season 1,13900000,4.3,3200000,4
2025-05-25,TV (English),7,FOREVER,FOREVER: Season 1,20600000,6.5,3200000,3
2025-05-25,TV (English),8,Miss Governor,Miss Governor: Season 1,9000000,3.3,2700000,1
2025-05-25,TV (English),9,Raw,"Raw: May 19, 2025",5000000,1.6667,2700000,1
2025-05-25,TV (English),10,Ms. Rachel,Ms. Rachel: Season 1,6700000,3.0333,2200000,13
2025-05-18,TV (English),1,American Manhunt: Osama bin Laden,American Manhunt: Osama bin Laden: Season 1,38700000,3.0667,12600000,1
2025-05-18,TV (English),2,Fred and Rose West: A British Horror Story,Fred and Rose West: A British Horror Story: Limited Series,21700000,2.6167,8300000,1
2025-05-18,TV (English),3,FOREVER,FOREVER: Season 1,43700000,6.5,6700000,2
2025-05-18,TV (English),4,The Four Seasons,The Four Seasons: Season 1,23000000,4.3,5300000,3
2025-05-18,TV (English),5,Bad Thoughts,Bad Thoughts: Season 1,7500000,1.9667,3800000,1
2025-05-18,TV (English),6,You,You: Season 5,28000000,8.45,3300000,4
2025-05-18,TV (English),7,"Love, Death & Robots","Love, Death & Robots: Volume 4",5900000,2.0333,2900000,1
2025-05-18,TV (English),8,Raw,"Raw: May 12, 2025",5100000,1.8167,2700000,1
2025-05-18,TV (English),9,Bet,Bet: Season 1,13700000,5.8167,2400000,1
2025-05-18,TV (English),10,Ms. Rachel,Ms. Rachel: Season 1,6700000,3.0333,2200000,12
2025-05-11,TV (English),1,The Four Seasons,The Four Seasons: Season 1,53900000,4.3,12500000,2
2025-05-11,TV (English),2,You,You: Season 5,45300000,8.45,5400000,3
2025-05-11,TV (English),3,FOREVER,FOREVER: Season 1,24200000,6.5,3700000,1
2025-05-11,TV (English),4,Raw,"Raw: May 5, 2025",5700000,1.9333,2800000,1
2025-05-11,TV (English),5,Ransom Canyon,Ransom Canyon: Season 1,20000000,7.9,2500000,4
2025-05-11,TV (English),6,Ms. Rachel,Ms. Rachel: Season 1,6700000,3.0333,2200000,11
2025-05-11,TV (English),7,Unseen,Unseen: Season 2,9000000,4.4333,2000000,1
2025-05-11,TV (English),8,Unseen,Unseen: Season 1,9000000,4.4667,2000000,3
2025-05-11,TV (English),9,You,You: Season 1,11800000,7.5167,1600000,10
2025-05-11,TV (English),10,Black Mirror,Black Mirror: Season 7,9600000,6.1833,1600000,5
2025-05-04,TV (English),1,The Four Seasons,The Four Seasons: Season 1,51100000,4.3,11900000,1
2025-05-04,TV (English),2,You,You: Season 5,92400000,8.45,10900000,2
2025-05-04,TV (English),3,Ransom Canyon,Ransom Canyon: Season 1,33100000,7.9,4200000,3
2025-05-04,TV (English),4,Raw,"Raw: April 28, 2025",5800000,1.85,3000000,1
2025-05-04,TV (English),5,You,You: Season 1,21300000,7.5167,2800000,9
2025-05-04,TV (English),6,Black Mirror,Black Mirror: Season 7,15200000,6.1833,2500000,4
2025-05-04,TV (English),7,Adolescence,Adolescence: Limited Series,9000000,3.8333,2300000,8
2025-05-04,TV (English),8,Battle Camp,Battle Camp: Season 1,20300000,8.85,2300000,1
2025-05-04,TV (English),9,Ms. Rachel,Ms. Rachel: Season 1,6800000,3.0333,2200000,10
2025-05-04,TV (English),10,Turning Point: The Vietnam War,Turning Point: The Vietnam War: Season 1,13700000,6.4,2100000,1
2025-04-27,TV (English),1,You,You: Season 5,85200000,8.45,10100000,1
2025-04-27,TV (English),2,Ransom Canyon,Ransom Canyon: Season 1,73900000,7.9,9400000,2
2025-04-27,TV (English),3,Black Mirror,Black Mirror: Season 7,27700000,6.1833,4500000,3
2025-04-27,TV (English),4,Adolescence,Adolescence: Limited Series,14500000,3.8333,3800000,7
2025-04-27,TV (English),5,Raw,"Raw: April 21, 2025",8700000,2.3,3600000,1
2025-04-27,TV (English),6,Special Ops: Lioness,Special Ops: Lioness: Season 1,21100000,5.95,3500000,2
2025-04-27,TV (English),7,A Discovery of Witches,A Discovery of Witches: Season 1,15400000,5.75,2700000,2
2025-04-27,TV (English),8,Ms. Rachel,Ms. Rachel: Season 1,6900000,3.0333,2300000,9
2025-04-27,TV (English),9,PULSE,PULSE: Season 1,16200000,7.9667,2000000,4
2025-04-27,TV (English),10,You,You: Season 1,13600000,7.5167,1800000,8
2025-04-20,TV (English),1,Black Mirror,Black Mirror: Season 7,65700000,6.1833,10600000,2
2025-04-20,TV (English),2,Ransom Canyon,Ransom Canyon: Season 1,56600000,7.9,7200000,1
2025-04-20,TV (English),3,Adolescence,Adolescence: Limited Series,22900000,3.8333,6000000,6
2025-04-20,TV (English),4,Bad Influence: The Dark Side of Kidfluencing,Bad Influence: The Dark Side of Kidfluencing: Season 1,10600000,2.5333,4200000,2
2025-04-20,TV (English),5,A Discovery of Witches,A Discovery of Witches: Season 1,19700000,5.75,3400000,1
2025-04-20,TV (English),6,Special Ops: Lioness,Special Ops: Lioness: Season 1,20000000,5.95,3400000,1
2025-04-20,TV (English),7,PULSE,PULSE: Season 1,25800000,7.9667,3200000,3
2025-04-20,TV (English),8,The Diamond Heist,The Diamond Heist: Limited Series,7000000,2.25,3100000,1
2025-04-20,TV (English),9,Raw,"Raw: April 14, 2025",5600000,1.7333,2900000,1
2025-04-20,TV (English),10,North of North,North of North: Season 1,9100000,3.35,2700000,2
2025-04-13,TV (English),1,Bad Influence: The Dark Side of Kidfluencing,Bad Influence: The Dark Side of Kidfluencing: Season 1,24800000,2.5333,9800000,1
2025-04-13,TV (English),2,Adolescence,Adolescence: Limited Series,37000000,3.8333,9700000,5
2025-04-13,TV (English),3,PULSE,PULSE: Season 1,68100000,7.9667,8500000,2
2025-04-13,TV (English),4,Black Mirror,Black Mirror: Season 7,43700000,6.1833,7100000,1
2025-04-13,TV (English),5,Devil May Cry,Devil May Cry: Season 1,20200000,3.9333,5100000,2
2025-04-13,TV (English),6,Gone Girls: The Long Island Serial Killer,Gone Girls: The Long Island Serial Killer: Season 1,10100000,2.65,3800000,2
2025-04-13,TV (English),7,Love on the Spectrum,Love on the Spectrum: Season 3,20000000,5.5833,3600000,2
2025-04-13,TV (English),8,The Residence,The Residence: Season 1,24100000,7.7333,3100000,4
2025-04-13,TV (English),9,North of North,North of North: Season 1,10000000,3.35,3000000,1
2025-04-13,TV (English),10,Raw,"Raw: April 7, 2025",5700000,1.8333,2800000,1
2025-04-06,TV (English),1,Adolescence,Adolescence: Limited Series,68400000,3.8333,17800000,4
2025-04-06,TV (English),2,Gone Girls: The Long Island Serial Killer,Gone Girls: The Long Island Serial Killer: Season 1,34500000,2.65,13000000,1
2025-04-06,TV (English),3,PULSE,PULSE: Season 1,52000000,7.9667,6500000,1
2025-04-06,TV (English),4,Devil May Cry,Devil May Cry: Season 1,21000000,3.9333,5300000,1
2025-04-06,TV (English),5,The Residence,The Residence: Season 1,35700000,7.7333,4600000,3
2025-04-06,TV (English),6,Love on the Spectrum,Love on the Spectrum: Season 3,19400000,5.5833,3500000,1
2025-04-06,TV (English),7,Million Dollar Secret,Million Dollar Secret: Season 1,15400000,5.1667,3000000,2
2025-04-06,TV (English),8,Raw,"Raw: March 31, 2025",5900000,1.85,2900000,1
2025-04-06,TV (English),9,Jurassic World: Chaos Theory,Jurassic World: Chaos Theory: Season 3,9600000,3.8833,2500000,1
2025-04-06,TV (English),10,Ms. Rachel,Ms. Rachel: Season 1,7000000,3.0333,2300000,8
2025-03-30,TV (English),1,Adolescence,Adolescence: Limited Series,116700000,3.8333,30400000,3
2025-03-30,TV (English),2,The Residence,The Residence: Season 1,68100000,7.7333,8800000,2
2025-03-30,TV (English),3,Million Dollar Secret,Million Dollar Secret: Season 1,9500000,2.5667,3700000,1
2025-03-30,TV (English),4,Raw,"Raw: March 24, 2025",5600000,1.7333,3000000,1
2025-03-30,TV (English),5,Wolf King,Wolf King: Season 1,9300000,3.5333,2600000,2
2025-03-30,TV (English),6,Running Point,Running Point: Season 1,11800000,5.0667,2300000,5
2025-03-30,TV (English),7,Ms. Rachel,Ms. Rachel: Season 1,7000000,3.0333,2300000,7
2025-03-30,TV (English),8,Gold & Greed: The Hunt for Fenn's Treasure,Gold & Greed: The Hunt for Fenn's Treasure: Season 1,5700000,2.6833,2100000,1
2025-03-30,TV (English),9,Zero Day,Zero Day: Limited Series,9000000,5.15,1700000,6
2025-03-30,TV (English),10,Chelsea Handler: The Feeling,N/A,1600000,0.9833,1600000,1
2025-03-23,TV (English),1,Adolescence,Adolescence: Limited Series,161000000,3.8333,42000000,2
2025-03-23,TV (English),2,The Residence,The Residence: Season 1,49500000,7.7333,6400000,1
2025-03-23,TV (English),3,Running Point,Running Point: Season 1,17800000,5.0667,3500000,4
2025-03-23,TV (English),4,Raw,"Raw: March 17, 2025",5800000,1.8167,3100000,1
2025-03-23,TV (English),5,Zero Day,Zero Day: Limited Series,15200000,5.15,3000000,5
2025-03-23,TV (English),6,Wolf King,Wolf King: Season 1,10100000,3.5333,2900000,1
2025-03-23,TV (English),7,Temptation Island,Temptation Island: Season 1,25000000,9.4,2700000,1
2025-03-23,TV (English),8,1883,1883: Season 1,24500000,9.3667,2600000,2
2025-03-23,TV (English),9,Bert Kreischer: Lucky,N/A,2900000,1.1333,2600000,1
2025-03-23,TV (English),10,Ms. Rachel,Ms. Rachel: Season 1,7100000,3.0333,2300000,6
2025-03-16,TV (English),1,Adolescence,Adolescence: Limited Series,93000000,3.8333,24300000,1
2025-03-16,TV (English),2,Running Point,Running Point: Season 1,30300000,5.0667,6000000,3
2025-03-16,TV (English),3,Zero Day,Zero Day: Limited Series,22700000,5.15,4400000,4
2025-03-16,TV (English),4,Beauty in Black,Beauty in Black: Season 1,49200000,12.6,3900000,6
2025-03-16,TV (English),5,Formula 1: Drive to Survive,Formula 1: Drive to Survive: Season 7,22900000,7.25,3200000,2
2025-03-16,TV (English),6,Raw,"Raw: March 10, 2025",6000000,1.8167,3000000,1
2025-03-16,TV (English),7,1883,1883: Season 1,26800000,9.3667,2900000,1
2025-03-16,TV (English),8,Ms. Rachel,Ms. Rachel: Season 1,7300000,3.0333,2400000,5
2025-03-16,TV (English),9,American Murder: Gabby Petito,American Murder: Gabby Petito: Season 1,4800000,2.15,2200000,4
2025-03-16,TV (English),10,Toxic Town,Toxic Town: Limited Series,6700000,3.6667,1800000,3
2025-03-09,TV (English),1,Running Point,Running Point: Season 1,61800000,5.0667,12200000,2
2025-03-09,TV (English),2,Zero Day,Zero Day: Limited Series,38600000,5.15,7500000,3
2025-03-09,TV (English),3,Toxic Town,Toxic Town: Limited Series,17400000,3.6667,4700000,2
2025-03-09,TV (English),4,Halo,Halo: Season 1,32100000,7.6167,4200000,1
2025-03-09,TV (English),5,American Murder: Gabby Petito,American Murder: Gabby Petito: Season 1,9000000,2.15,4200000,3
2025-03-09,TV (English),6,Beauty in Black,Beauty in Black: Season 1,47800000,12.6,3800000,5
2025-03-09,TV (English),7,Raw,"Raw: March 3, 2025",6300000,1.9167,3100000,1
2025-03-09,TV (English),8,Andrew Schulz: LIFE,N/A,2900000,0.9833,2900000,1
2025-03-09,TV (English),9,Formula 1: Drive to Survive,Formula 1: Drive to Survive: Season 7,19200000,7.25,2600000,1
2025-03-09,TV (English),10,"With Love, Meghan","With Love, Meghan: Season 1",12600000,4.7833,2600000,1
2025-03-02,TV (English),1,Zero Day,Zero Day: Limited Series,92100000,5.15,17900000,2
2025-03-02,TV (English),2,American Murder: Gabby Petito,American Murder: Gabby Petito: Season 1,24200000,2.15,11300000,2
2025-03-02,TV (English),3,Running Point,Running Point: Season 1,47200000,5.0667,9300000,1
2025-03-02,TV (English),4,Toxic Town,Toxic Town: Limited Series,17500000,3.6667,4800000,1
2025-03-02,TV (English),5,The Search For Instagram's Worst Con Artist,The Search For Instagram's Worst Con Artist: Season 1,5600000,1.4833,3800000,2
2025-03-02,TV (English),6,Love Is Blind,Love Is Blind: Season 8,43200000,13.4167,3200000,3
2025-03-02,TV (English),7,The 31st Annual Screen Actors Guild Awards,N/A,5500000,2.1,2600000,1
2025-03-02,TV (English),8,Raw,"Raw: February 24, 2025",5500000,1.95,2600000,1
2025-03-02,TV (English),9,Ms. Rachel,Ms. Rachel: Season 1,7500000,3.0333,2500000,4
2025-03-02,TV (English),10,American Murder: Laci Peterson,American Murder: Laci Peterson: Season 1,5500000,2.6667,2100000,5
2025-02-23,TV (English),1,American Murder: Gabby Petito,American Murder: Gabby Petito: Season 1,67300000,2.15,31300000,1
2025-02-23,TV (English),2,Zero Day,Zero Day: Limited Series,98500000,5.15,19100000,1
2025-02-23,TV (English),3,The Search For Instagram's Worst Con Artist,The Search For Instagram's Worst Con Artist: Season 1,8100000,1.4833,5500000,1
2025-02-23,TV (English),4,Love Is Blind,Love Is Blind: Season 8,50700000,10.0833,5000000,2
2025-02-23,TV (English),5,Cobra Kai,Cobra Kai: Season 6,36100000,10.1167,3600000,9
2025-02-23,TV (English),6,Gabby's Dollhouse,Gabby's Dollhouse: Season 11,8000000,2.4333,3300000,1
2025-02-23,TV (English),7,The Night Agent,The Night Agent: Season 2,24800000,8.6,2900000,5
2025-02-23,TV (English),8,Court of Gold,Court of Gold: Season 1,12400000,4.4,2800000,1
2025-02-23,TV (English),9,Apple Cider Vinegar,Apple Cider Vinegar: Limited Series,17200000,6.2333,2800000,3
2025-02-23,TV (English),10,Raw,"Raw: February 17, 2025",5500000,1.85,2800000,1
2025-02-16,TV (English),1,Surviving Black Hawk Down,Surviving Black Hawk Down: Limited Series,20800000,2.6167,7900000,1
2025-02-16,TV (English),2,Cobra Kai,Cobra Kai: Season 6,59200000,10.1167,5900000,8
2025-02-16,TV (English),3,Apple Cider Vinegar,Apple Cider Vinegar: Limited Series,34600000,6.2333,5600000,2
2025-02-16,TV (English),4,Sweet Magnolias,Sweet Magnolias: Season 4,37600000,8.4,4500000,2
2025-02-16,TV (English),5,The Night Agent,The Night Agent: Season 2,37300000,8.6,4300000,4
2025-02-16,TV (English),6,Love Is Blind,Love Is Blind: Season 8,27600000,6.9,4000000,1
2025-02-16,TV (English),7,The Recruit,The Recruit: Season 2,17700000,5.4,3300000,3
2025-02-16,TV (English),8,Raw,"Raw: February 10, 2025",5500000,1.85,2800000,1
2025-02-16,TV (English),9,Ms. Rachel,Ms. Rachel: Season 1,8000000,3.0333,2600000,3
2025-02-16,TV (English),10,Ghosts,Ghosts: Season 1,13400000,6.4833,2100000,2
2025-02-09,TV (English),1,The Night Agent,The Night Agent: Season 2,64400000,8.6,7500000,3
2025-02-09,TV (English),2,The Recruit,The Recruit: Season 2,33000000,5.4,6100000,2
2025-02-09,TV (English),3,American Manhunt: O.J. Simpson,American Manhunt: O.J. Simpson: Season 1,22500000,5.0167,4500000,2
2025-02-09,TV (English),4,Sweet Magnolias,Sweet Magnolias: Season 4,33700000,8.4,4000000,1
2025-02-09,TV (English),5,Apple Cider Vinegar,Apple Cider Vinegar: Limited Series,23800000,6.2333,3800000,1
2025-02-09,TV (English),6,The Recruit,The Recruit: Season 1,24000000,7.3333,3300000,8
2025-02-09,TV (English),7,Raw,"Raw: February 3, 2025",6100000,1.9167,3100000,1
2025-02-09,TV (English),8,Ms. Rachel,Ms. Rachel: Season 1,9200000,3.0333,3000000,2
2025-02-09,TV (English),9,The Night Agent,The Night Agent: Season 1,21500000,8.1833,2600000,16
2025-02-09,TV (English),10,Ghosts,Ghosts: Season 1,14200000,6.4833,2200000,1
2025-02-02,TV (English),1,The Night Agent,The Night Agent: Season 2,131100000,8.6,15200000,2
2025-02-02,TV (English),2,The Recruit,The Recruit: Season 2,31800000,5.4,5900000,1
2025-02-02,TV (English),3,American Manhunt: O.J. Simpson,American Manhunt: O.J. Simpson: Season 1,27400000,5.0167,5500000,1
2025-02-02,TV (English),4,The Night Agent,The Night Agent: Season 1,41100000,8.1833,5000000,15
2025-02-02,TV (English),5,Ms. Rachel,Ms. Rachel: Season 1,12100000,3.0333,4000000,1
2025-02-02,TV (English),6,American Primeval,American Primeval: Limited Series,18800000,5.0333,3700000,4
2025-02-02,TV (English),7,"XO, Kitty","XO, Kitty: Season 2",15100000,4.0667,3700000,3
2025-02-02,TV (English),8,The Recruit,The Recruit: Season 1,22700000,7.3333,3100000,7
2025-02-02,TV (English),9,Raw,"Raw: January 27, 2025",6600000,2.6,2900000,1
2025-02-02,TV (English),10,Royal Rumble,Royal Rumble 2025,9600000,4.4833,2100000,1
2025-01-26,TV (English),1,The Night Agent,The Night Agent: Season 2,119900000,8.6,13900000,1
2025-01-26,TV (English),2,"XO, Kitty","XO, Kitty: Season 2",37400000,4.0667,9200000,2
2025-01-26,TV (English),3,American Primeval,American Primeval: Limited Series,33500000,5.0333,6700000,3
2025-01-26,TV (English),4,The Night Agent,The Night Agent: Season 1,39800000,8.1833,4900000,14
2025-01-26,TV (English),5,"XO, Kitty","XO, Kitty: Season 1",19500000,5.0833,3800000,6
2025-01-26,TV (English),6,Missing You,Missing You: Limited Series,12200000,3.7667,3200000,4
2025-01-26,TV (English),7,Raw,"Raw: January 20, 2025",6600000,2,3000000,1
2025-01-26,TV (English),8,W.A.G.s to Riches,W.A.G.s to Riches: Season 1,10400000,4.55,2300000,1
2025-01-26,TV (English),9,Castlevania: Nocturne,Castlevania: Nocturne: Season 2,7400000,3.95,1900000,2
2025-01-26,TV (English),10,The Recruit,The Recruit: Season 1,12600000,7.3333,1700000,6
2025-01-19,TV (English),1,American Primeval,American Primeval: Limited Series,72100000,5.0333,14300000,2
2025-01-19,TV (English),2,"XO, Kitty","XO, Kitty: Season 2",57700000,4.0667,14200000,1
2025-01-19,TV (English),3,Missing You,Missing You: Limited Series,21000000,3.7667,5600000,3
2025-01-19,TV (English),4,Raw,"Raw: January 13, 2025",8200000,2.0167,3700000,1
2025-01-19,TV (English),5,"Jerry Springer: Fights, Camera, Action","Jerry Springer: Fights, Camera, Action: Limited Series",5700000,1.6333,3500000,2
2025-01-19,TV (English),6,"XO, Kitty","XO, Kitty: Season 1",15700000,5.0833,3100000,5
2025-01-19,TV (English),7,The Night Agent,The Night Agent: Season 1,19400000,8.1833,2400000,13
2025-01-19,TV (English),8,The Walking Dead: The Ones Who Live,The Walking Dead: The Ones Who Live: Season 1,11700000,5.0333,2300000,1
2025-01-19,TV (English),9,I AM A KILLER,I AM A KILLER: Season 6,10000000,4.3833,2300000,1
2025-01-19,TV (English),10,Castlevania: Nocturne,Castlevania: Nocturne: Season 2,9000000,3.95,2300000,1
2025-01-12,TV (English),1,Missing You,Missing You: Limited Series,57200000,3.7667,15200000,2
2025-01-12,TV (English),2,American Primeval,American Primeval: Limited Series,52400000,5.0333,10400000,1
2025-01-12,TV (English),3,"Jerry Springer: Fights, Camera, Action","Jerry Springer: Fights, Camera, Action: Limited Series",12600000,1.6333,7700000,1
2025-01-12,TV (English),4,Raw,"Raw: January 6, 2025",17700000,2.4167,5900000,1
2025-01-12,TV (English),5,Departure,Departure: Season 1,15500000,4.2667,3600000,2
2025-01-12,TV (English),6,Virgin River,Virgin River: Season 6,25800000,8.3167,3100000,4
2025-01-12,TV (English),7,Gabriel Iglesias: Legend of Fluffy,N/A,4900000,1.7,2900000,1
2025-01-12,TV (English),8,Black Doves,Black Doves: Season 1,15200000,5.5,2800000,6
2025-01-12,TV (English),9,Departure,Departure: Season 2,10200000,4.2667,2400000,2
2025-01-12,TV (English),10,The Night Agent,The Night Agent: Season 1,18700000,8.1833,2300000,12
2025-01-05,TV (English),1,Missing You,Missing You: Limited Series,81700000,3.7667,21700000,1
2025-01-05,TV (English),2,Virgin River,Virgin River: Season 6,43400000,8.3167,5200000,3
2025-01-05,TV (English),3,Black Doves,Black Doves: Season 1,27300000,5.5,5000000,5
2025-01-05,TV (English),4,Departure,Departure: Season 1,15200000,4.2667,3600000,1
2025-01-05,TV (English),5,The Madness,The Madness: Limited Series,18300000,6.5833,2800000,6
2025-01-05,TV (English),6,"Your Friend, Nate Bargatze",N/A,2700000,1.0667,2500000,2
2025-01-05,TV (English),7,No Good Deed,No Good Deed: Season 1,10600000,4.55,2300000,4
2025-01-05,TV (English),8,Torching 2024: A Roast of the Year,N/A,1500000,0.7167,2100000,1
2025-01-05,TV (English),9,The Night Agent,The Night Agent: Season 1,13100000,8.1833,1600000,11
2025-01-05,TV (English),10,Departure,Departure: Season 2,6700000,4.2667,1600000,1